﻿<xml>

  <page name="Feed">
    <ImageSource>
      ~/images/post_public_comments.png
    </ImageSource>
    <link id="img1">
      <Src>~/images/post_public_comments.png</Src>
      <alt>Post Public Comments to All</alt>
      <url>#postcomments</url>
      <rel>FaceBox</rel>
    </link>
    <link id="img2">
      <Src>~/images/post_public_comments.png</Src>
      <alt>Post Public Comments to All</alt>
      <url>#postcomments</url>
      <rel>FaceBox</rel>
    </link>
  </page>

  <page name="DealingFloor">
    <ImageSource>/eofferWeb/images/icons/dealing-floor.png</ImageSource>
    <link id="img3">
      <Src>/eofferWeb/images/Header/post_comment_to_supplier.png</Src>
      <alt>Post Public Comments to All</alt>
      <url>#postcomments</url>
      <rel>FaceBox</rel>
    </link>
    <link id="img3">
      <Src>/eofferWeb/images/Header/post_comment_to_supplier.png</Src>
      <alt>Post Public Comments to All</alt>
      <url>#postcomments</url>
      <rel>FaceBox</rel>
    </link>
    <link id="img3">
      <Src>/eofferWeb/images/Header/post_comment_to_supplier.png</Src>
      <alt>Post Public Comments to All</alt>
      <url>#postcomments</url>
      <rel>FaceBox</rel>
    </link>
    <link id="img3">
      <Src>/eofferWeb/images/Header/post_comment_to_supplier.png</Src>
      <alt>Post Public Comments to All</alt>
      <url>#postcomments</url>
      <rel>FaceBox</rel>
    </link>
    <link id="img3">
      <Src>/eofferWeb/images/Header/post_comment_to_supplier.png</Src>
      <alt>Post Public Comments to All</alt>
      <url>#postcomments</url>
      <rel>FaceBox</rel>
    </link>
    <link id="img3">
      <Src>/eofferWeb/images/Header/post_comment_to_supplier.png</Src>
      <alt>Post Public Comments to All</alt>
      <url>#postcomments</url>
      <rel>FaceBox</rel>
    </link>
    <link id="img3">
      <Src>/eofferWeb/images/Header/post_comment_to_supplier.png</Src>
      <alt>Post Public Comments to All</alt>
      <url>#postcomments</url>
      <rel>FaceBox</rel>
    </link>
    
  </page>
</xml>
